data,label
Annette Myers,name
Lindsey Johnson,name
Tristan Parker,name
Michael Hernandez,name
Lisa Smith,name
Kayla Baldwin,name
Cassandra Garcia,name
Emily Cook,name
Rebekah Jimenez,name
Brian Jones,name
Michele Jenkins,name
Keith Humphrey,name
Amber Copeland,name
Richard Burns,name
Mr. Zachary Bryant,name
Danielle Chang,name
Jason Lee,name
Jennifer Jones,name
Douglas Turner,name
Amanda James,name
Tiffany Parsons,name
Eric Phillips,name
Alexandra Gutierrez,name
Kathy Reynolds,name
Joel French,name
Jennifer Sanchez,name
Kevin Woods,name
Gabriel Brown,name
Rachel Frye,name
Scott Romero,name
Shawn Boyle,name
Denise Smith,name
Sarah Perkins,name
Elizabeth Walton,name
Michael Davis,name
Janet Dunn,name
Carrie Krueger,name
Christopher Shaw,name
Maria Romero,name
Seth Hernandez,name
Timothy Taylor,name
Ashley Eaton,name
Daniel Nolan,name
Teresa Ware,name
Laura Cummings,name
Mrs. Hannah Lewis MD,name
Mrs. Holly Frank,name
Brianna Martinez,name
Andrew Gomez,name
Anne Thompson,name
Brent James,name
Karen Shannon,name
Tanya Smith,name
Crystal Galvan,name
Monique Henderson,name
Raymond Robinson,name
Tiffany Martin,name
Jerry Johnson,name
Gerald Caldwell,name
Michael Webb,name
Andrew Porter,name
Dawn Norman,name
Robert Mitchell,name
Lacey Rogers,name
Michelle Wiley,name
Matthew Fox,name
Audrey Anderson,name
Mason Brennan,name
Jane Fuller,name
Joseph Ward,name
Michael Garner,name
Jordan Johnson,name
Stacey Johnson,name
Kathryn Day,name
Sarah Macdonald,name
Anthony Ruiz,name
Heather Marquez,name
Gordon Alvarez,name
Charles Gilmore,name
Felicia Costa,name
David Adams,name
Denise Newman,name
Christina Lopez,name
Karen Phillips,name
Patricia Allen,name
Dr. Angela Kelley,name
Kathleen Kidd,name
Jeremy Hoffman,name
Jon Lopez,name
James Curtis,name
Tony Moss,name
Crystal Morris,name
Billy Wu MD,name
Alexander Reyes,name
Jamie Ellison,name
Madison Mueller,name
Jeanette Stark,name
Andrew Reynolds,name
Gina Schroeder,name
Sara Castillo,name
samantha42@example.org,email
alexis34@example.org,email
iroberts@example.org,email
carrolltroy@example.net,email
jerry46@example.com,email
kelleyjennifer@example.org,email
tina81@example.net,email
mcgrathscott@example.net,email
frankpierce@example.org,email
chrisgilbert@example.org,email
tjordan@example.org,email
kimrose@example.org,email
matthewmoody@example.net,email
hendersonmichael@example.org,email
derekcross@example.org,email
rwilson@example.com,email
clarkrebecca@example.com,email
evansjeffrey@example.com,email
djohnson@example.org,email
cory16@example.org,email
carias@example.org,email
crystal92@example.org,email
clarkheather@example.com,email
qparker@example.org,email
kruegerkari@example.net,email
hriley@example.net,email
nicholas17@example.org,email
crystalhogan@example.org,email
tammyfranco@example.org,email
watsonwhitney@example.org,email
nriggs@example.org,email
sgonzalez@example.net,email
catherinemartinez@example.net,email
buckbrenda@example.net,email
rogersshane@example.net,email
jasonmorgan@example.net,email
hoodangela@example.com,email
jamesstanton@example.org,email
cynthia42@example.com,email
abigail82@example.net,email
martinweber@example.org,email
leeangela@example.org,email
smithjoseph@example.net,email
cookwillie@example.org,email
vchavez@example.org,email
donna18@example.org,email
miguel63@example.org,email
xowens@example.org,email
josepholiver@example.org,email
ehughes@example.com,email
jorgemoore@example.com,email
phillipscarol@example.org,email
andrea38@example.net,email
nmack@example.net,email
sherimueller@example.net,email
sandra88@example.net,email
ashleyhoward@example.org,email
wsavage@example.com,email
ann25@example.org,email
zoeknight@example.net,email
donald02@example.net,email
gentrygabriel@example.com,email
greenchristopher@example.net,email
perezadam@example.com,email
mwilson@example.net,email
susancollins@example.net,email
qfernandez@example.net,email
bowentaylor@example.com,email
willie05@example.com,email
jmendoza@example.org,email
jeremy96@example.com,email
fmoon@example.net,email
ybrooks@example.org,email
nancy22@example.org,email
sullivananthony@example.org,email
nicholsjordan@example.org,email
travis92@example.com,email
cynthia64@example.com,email
kimberlyhamilton@example.org,email
pmarshall@example.net,email
michaelwallace@example.net,email
andrew87@example.com,email
conleycarly@example.net,email
ehall@example.net,email
bwright@example.com,email
cruzkathryn@example.org,email
qharris@example.net,email
uclark@example.org,email
allenchristopher@example.net,email
benjaminblair@example.org,email
hross@example.net,email
crystalbrowning@example.net,email
mitchell32@example.net,email
halelisa@example.org,email
richard99@example.net,email
jamesandrews@example.net,email
sharonadams@example.net,email
alexandra50@example.net,email
rodgersrichard@example.org,email
roberto43@example.org,email
9093882013,phone_number
(964)452-9707x37676,phone_number
945.327.9756x5396,phone_number
001-575-340-6704x449,phone_number
001-660-963-7245x25828,phone_number
(901)534-5218x4842,phone_number
855-570-9683x38445,phone_number
001-235-701-3324x32591,phone_number
307.738.0198x841,phone_number
+1-529-229-3831,phone_number
(501)320-6708,phone_number
6316589234,phone_number
(715)699-4483x036,phone_number
654-711-6056x367,phone_number
4829211735,phone_number
001-475-600-8392x499,phone_number
(992)539-4913x095,phone_number
+1-817-802-3520x79229,phone_number
387.574.4343x196,phone_number
001-331-877-1810x83596,phone_number
901.994.8878,phone_number
+1-756-516-7288x319,phone_number
308.980.5500x56875,phone_number
3254483492,phone_number
483.753.2555,phone_number
+1-389-442-6579x1364,phone_number
375.400.4089,phone_number
882-928-7822,phone_number
(924)834-3127x4685,phone_number
288-560-0172x066,phone_number
(206)525-1556x63223,phone_number
(369)838-6951x34077,phone_number
+1-845-269-0520x0522,phone_number
878-306-0414x3840,phone_number
546.461.4612x4694,phone_number
(966)942-6743,phone_number
+1-721-879-9518x38387,phone_number
(777)440-0105,phone_number
672.438.7013x7563,phone_number
887-332-4907x682,phone_number
001-481-437-8429x70229,phone_number
886-738-0404x5389,phone_number
446-973-0093,phone_number
783-652-1772x22160,phone_number
001-238-798-2621x87140,phone_number
702.534.5627,phone_number
+1-286-432-2372,phone_number
529-209-9399x609,phone_number
001-445-283-6045x465,phone_number
333.608.1447,phone_number
565.893.6996x4087,phone_number
998.526.3622x858,phone_number
790-762-8249x0846,phone_number
(554)882-6103,phone_number
335-888-8245x274,phone_number
(476)621-2719x11327,phone_number
001-873-688-0170x67679,phone_number
(907)673-8971x00079,phone_number
7182460126,phone_number
474-691-6659,phone_number
+1-566-500-2035x94592,phone_number
215.513.1576x5313,phone_number
325.204.9431x939,phone_number
559.689.6429x203,phone_number
001-832-787-4245x570,phone_number
001-288-811-0803x659,phone_number
7137439191,phone_number
(448)504-4523,phone_number
852.985.8812x6937,phone_number
+1-327-915-8706,phone_number
543-535-9903x949,phone_number
(938)802-3322x135,phone_number
+1-239-737-7026,phone_number
+1-511-626-1623x53550,phone_number
(424)629-2331,phone_number
951.671.8600x701,phone_number
842-565-0301,phone_number
856-744-5473x3458,phone_number
(663)688-6890,phone_number
735-969-8194,phone_number
470-776-9833x06934,phone_number
618.918.1390,phone_number
(424)976-8447x06029,phone_number
+1-431-335-4459x96270,phone_number
758.675.9054x48581,phone_number
+1-303-297-7701x7580,phone_number
001-737-882-5186x53715,phone_number
397.241.7912,phone_number
214.400.1937x96700,phone_number
320.557.1526x05101,phone_number
+1-671-948-2304x5130,phone_number
792.403.2298,phone_number
789.356.7166,phone_number
(405)253-2845,phone_number
437.629.1857x186,phone_number
001-747-604-0829x40148,phone_number
292.969.3688x78070,phone_number
(373)583-0031,phone_number
(893)490-5421x1699,phone_number
(544)568-5400,phone_number
"06173 Kelley Oval Suite 740 Griffinport, WY 95218",address
"992 Alexandria Extensions South Madeline, FM 76565",address
"645 Daniel Corners Apt. 572 South Christopher, ME 02991",address
"599 Fox Springs Suite 080 Franklinville, DE 15263",address
Unit 6798 Box 6126 DPO AA 87553,address
USNV Ferrell FPO AA 80884,address
"972 Stephanie Lock Suite 502 Stephaniestad, MO 47556",address
"68223 Espinoza Lane North Emilyburgh, VA 28766",address
"84477 Karen Locks Jayport, AR 27373",address
"389 Joseph Square Suite 902 South David, ID 60786",address
"853 Monique Heights Lake Thomas, MN 41522",address
"17141 Theresa Valley Suite 727 East Jacobshire, WY 18693",address
"PSC 9343, Box 0329 APO AE 39343",address
"204 Scott Ferry Drakeside, AR 58528",address
"781 Blair Knolls Suite 370 North Jessicaville, DC 67252",address
"026 Bradley Glen Suite 499 Port Robert, MS 94280",address
"PSC 1685, Box 2668 APO AE 13574",address
"744 Laura Union Suite 696 Vanessamouth, MT 47068",address
"941 Robinson Fork Port Julie, NV 19175",address
"3770 Gonzalez Falls Howellchester, DC 81419",address
Unit 5776 Box 6276 DPO AA 27981,address
"1215 Benjamin Grove Suite 630 Kimberlyside, MO 57233",address
Unit 5885 Box 4639 DPO AP 21550,address
"6122 Whitney Ridges South Erin, UT 78750",address
"6775 Mitchell Parkways North Courtney, SD 43702",address
"264 Jackson Prairie Apt. 246 Jonesfurt, AZ 01123",address
"378 Nicholas Drive Suite 465 Jerryton, TN 46759",address
"3373 Brown Valleys Lake Larryburgh, AK 21007",address
"9759 Mary Divide Apt. 357 West Marcusborough, NY 33542",address
"427 James Row Suite 612 Lake Kevin, MD 06820",address
"09306 Kayla Ramp Davisville, RI 87037",address
"582 Melody Forest Apt. 586 East Anna, MO 36280",address
"95564 Allen Mall Suite 642 West Leslie, OH 59513",address
"14835 Brian Row Suite 479 Murphyburgh, AS 52088",address
"272 Margaret Road East Sean, MD 28189",address
"619 Ford Curve Suite 968 Durhamtown, NJ 42336",address
"094 Larry Cliff Alyssachester, RI 86279",address
"8098 Villarreal Field South Louis, ND 62540",address
"1228 Crawford Rue East James, OH 37951",address
"826 Pennington Branch Apt. 838 Port Catherine, ME 66927",address
"2186 Joan Turnpike Byrdhaven, MT 56540",address
"PSC 4055, Box 0128 APO AP 61840",address
"9038 Krystal Unions Suite 095 Lake Ryan, IL 56271",address
"934 Vicki Mews North Pamelamouth, MH 12951",address
"2329 Jonathan Field Apt. 055 North Sarah, OH 80872",address
"9203 Matthews Parkway Suite 320 Amyborough, DE 67783",address
"33023 Rogers Expressway Suite 548 Kristenville, AR 60018",address
"931 Turner Courts Suite 142 New Kevin, FM 87575",address
"7169 Maria Hill New Lori, MP 27625",address
"541 Jenna Course Lake Alicia, MD 43204",address
"9104 Jimenez Isle Suite 636 West John, CT 19929",address
"868 Robert Burg Suite 069 Lake Kimberlyport, MS 53848",address
"225 Kelly Ways South Ricardo, ND 40055",address
"0404 Michelle Overpass Apt. 477 Johnshire, MO 95693",address
"6254 Jackson Wells Andrewshire, NM 09143",address
"419 Henry Radial Apt. 492 Perkinsbury, NE 86132",address
"8029 David Street North William, WY 63125",address
"020 Scott Curve Suite 874 Traviston, PA 33049",address
"10505 White Trafficway Carlastad, DC 12952",address
USS Rivas FPO AA 26687,address
"39595 Ricardo Trafficway Velazquezfort, PA 47525",address
"92019 Foster Summit Suite 140 Brianaland, NE 03197",address
"8313 Joshua Harbors Apt. 800 New Lucasmouth, FM 81766",address
"813 Emily Streets Robertchester, AS 84239",address
"5186 Hardy Mount East Joshualand, WY 99531",address
"567 Stanley Fork Apt. 482 Rossfurt, AR 75168",address
"13473 Ashley View Cainville, CO 49067",address
"35820 Smith Square Suite 307 New Amanda, PA 75907",address
Unit 3420 Box 0715 DPO AP 69558,address
USCGC Acosta FPO AA 61938,address
"333 Smith Freeway Apt. 790 Port Joseph, PA 10547",address
USS Perry FPO AP 77406,address
"575 Short Turnpike Patriciahaven, NH 28909",address
"353 Corey Hill Suite 623 Clintonland, NM 79034",address
"428 Logan Crescent Apt. 582 South Isaacbury, IA 99677",address
"421 Lori Extension Suite 593 West Bryanchester, CO 71061",address
"6713 Simon Islands Suite 982 New Jamesfurt, MP 27423",address
"57074 Ramirez Lakes Apt. 014 Frankburgh, KY 72890",address
"885 Alexander Mountain South Melinda, AR 80359",address
"543 Fisher Mews Michaelhaven, IA 95564",address
"784 Amber Shores Apt. 759 Jamesshire, PR 32145",address
"5117 Jeremy Parkway Port Eric, HI 76428",address
"35922 Jason Underpass Kimberlyburgh, AL 61949",address
"909 Mckenzie Meadows Apt. 133 West Rebecca, PA 84424",address
"589 Stevens Gateway Suite 444 New Daniel, IL 54374",address
"857 Carla Walk New Dennis, KS 11047",address
"71981 Samantha Ramp Mackville, MT 13078",address
"009 Jamie Divide Apt. 474 West Nicholas, NV 97787",address
"054 Terri Walks West Fernando, TN 14612",address
"06043 Andrade Skyway Suite 524 Ramseymouth, AK 74248",address
"212 William Port Suite 064 East Tiffany, AL 70500",address
"89773 Benjamin Village Suite 663 North Emilyberg, AK 41913",address
"81423 Joel Forks Suite 434 Robinsonside, NJ 84888",address
"303 Charles Lake Apt. 850 North Heather, DE 18638",address
"565 Jack Valleys Port Ariel, MO 22306",address
"PSC 8247, Box 9552 APO AP 57910",address
"439 Kristen Orchard Suite 304 North Wendybury, WV 10910",address
USCGC Newman FPO AE 25759,address
"467 Duran Run Rodriguezborough, CA 82540",address
"97255 Kelly Burg Apt. 657 Griffinchester, PW 83028",address
30369245306520,credit_card_number
4091803381614497137,credit_card_number
6529484376246554,credit_card_number
4427651159791,credit_card_number
6011657047329827,credit_card_number
349358921227205,credit_card_number
4054133548355805,credit_card_number
6011513664632045,credit_card_number
3510867931852742,credit_card_number
3584728945687287,credit_card_number
4484449893101507,credit_card_number
36750315082709,credit_card_number
2278932253562370,credit_card_number
340226416543130,credit_card_number
30115465195188,credit_card_number
4258341321687609,credit_card_number
348863622120451,credit_card_number
4758936120282547,credit_card_number
370005854334472,credit_card_number
4888013653000796,credit_card_number
4601786897057666,credit_card_number
6011968171744602,credit_card_number
371028245913035,credit_card_number
4313962093741622,credit_card_number
4840307456942,credit_card_number
2289155775669856,credit_card_number
4243586978787,credit_card_number
345323538320011,credit_card_number
378935514169367,credit_card_number
36688275942399,credit_card_number
3547750979750068,credit_card_number
4328670818344,credit_card_number
2719668508574821,credit_card_number
2266100249609077,credit_card_number
4089283169339309569,credit_card_number
4667625090596420,credit_card_number
4465390341388044,credit_card_number
4498512712763817,credit_card_number
675928233997,credit_card_number
213192462206143,credit_card_number
180048217181339,credit_card_number
580765279055,credit_card_number
180023432826869,credit_card_number
577867631597,credit_card_number
3546595109376180,credit_card_number
4908839775731850,credit_card_number
6579409812624261,credit_card_number
3534250931357842,credit_card_number
4345066981254,credit_card_number
4283195044653226,credit_card_number
4686845658529916708,credit_card_number
3520047052435183,credit_card_number
346559452860255,credit_card_number
6536515957966846,credit_card_number
3564067361451116,credit_card_number
3553250173336385,credit_card_number
5155165850258453,credit_card_number
5489014214295719,credit_card_number
6510355355505478,credit_card_number
4499035120743485,credit_card_number
6558171083668147,credit_card_number
3584751591795980,credit_card_number
3548196179414379,credit_card_number
4683950059581768236,credit_card_number
180094589287932,credit_card_number
30556859286242,credit_card_number
4920352312393120777,credit_card_number
3517302836963371,credit_card_number
38944867624004,credit_card_number
676108456705,credit_card_number
675910311454,credit_card_number
4475725983598058593,credit_card_number
4680169716671807,credit_card_number
6011991047814987,credit_card_number
4380002410852451,credit_card_number
213184401724229,credit_card_number
38371117213810,credit_card_number
3577956511809717,credit_card_number
4338913190295877307,credit_card_number
2234061455711214,credit_card_number
343585933731040,credit_card_number
2608831096222302,credit_card_number
3516646810393430,credit_card_number
4146729370116718267,credit_card_number
346082590981156,credit_card_number
4724411794530465,credit_card_number
30418228785620,credit_card_number
6564385284417896,credit_card_number
3597584270730167,credit_card_number
30215386949703,credit_card_number
676144733711,credit_card_number
4432333535327,credit_card_number
3599559160356172,credit_card_number
060449189194,credit_card_number
4822839547248699,credit_card_number
4413674684877643475,credit_card_number
4422044145717922,credit_card_number
675940274359,credit_card_number
3595828398179936,credit_card_number
4079152843777,credit_card_number
http://baker-gray.com/,url
http://www.perry.com/,url
https://miller.org/,url
http://andersen-carpenter.com/,url
http://allen.info/,url
http://www.cox.com/,url
http://cox-perry.info/,url
http://jones-frank.com/,url
https://jordan.info/,url
http://miller.org/,url
https://www.rice.com/,url
https://nelson.biz/,url
http://www.gay-rodriguez.com/,url
https://suarez-valdez.biz/,url
http://www.hall.com/,url
https://wall-norman.com/,url
https://www.stevens.org/,url
http://www.harris.com/,url
http://www.johnson.biz/,url
https://www.fox-ramos.info/,url
https://www.wong.com/,url
http://frazier.com/,url
https://white.com/,url
https://www.henderson.com/,url
http://freeman-bentley.com/,url
https://pham.net/,url
https://www.edwards.com/,url
https://www.taylor-decker.org/,url
http://www.cochran.info/,url
https://fuller.biz/,url
http://bailey.com/,url
https://www.williams-may.com/,url
https://www.morris.com/,url
http://www.mccoy.biz/,url
http://evans-jones.info/,url
http://velazquez-russo.com/,url
http://www.stafford-smith.org/,url
https://www.mitchell.com/,url
http://www.klein-arnold.org/,url
http://www.hunter-butler.com/,url
https://www.jones-gentry.biz/,url
https://www.chavez.net/,url
http://www.sanchez.biz/,url
https://stewart.net/,url
http://friedman.com/,url
http://taylor.com/,url
https://hardy.biz/,url
https://www.edwards.com/,url
https://garcia.net/,url
https://rodriguez.com/,url
https://shepherd.com/,url
https://www.kelly-myers.com/,url
http://johnson.com/,url
https://edwards-smith.biz/,url
https://henry-richards.org/,url
http://harris.biz/,url
https://lewis.org/,url
http://www.watts-chavez.biz/,url
http://www.quinn.com/,url
http://www.cobb.com/,url
https://schmidt.com/,url
https://www.nielsen.com/,url
http://www.collins.info/,url
https://johnson-blankenship.biz/,url
http://www.cruz.org/,url
http://www.harper.com/,url
http://jones-martin.com/,url
http://leon.com/,url
http://martinez.com/,url
http://www.hampton.com/,url
https://www.nguyen.net/,url
http://smith.com/,url
https://peterson.com/,url
http://thompson.com/,url
https://www.baker.com/,url
http://www.hogan.com/,url
http://watts.net/,url
http://www.williams-austin.net/,url
http://www.joyce.com/,url
https://www.barnes.com/,url
http://tran.com/,url
http://johnson-underwood.net/,url
https://bates.com/,url
https://www.osborne-martin.com/,url
https://may-duke.biz/,url
http://www.barnes-davenport.info/,url
http://rose-west.com/,url
https://black-friedman.com/,url
http://holland.com/,url
https://www.gonzales.info/,url
http://clark-nelson.biz/,url
http://www.bowman.com/,url
http://williamson.com/,url
http://english.info/,url
https://west.com/,url
https://www.robinson-randall.com/,url
https://stanley.info/,url
http://www.harris.com/,url
https://www.sanchez-hughes.com/,url
http://www.perry.com/,url
Taylor-Huff,company
Hall-Green,company
Sawyer Ltd,company
Smith and Sons,company
Perez-Spencer,company
Harrington-Fields,company
Moore-Martinez,company
"Merritt, Pennington and Jones",company
"Daniel, Gordon and Morrow",company
"Smith, Pacheco and Schneider",company
Ward-Rose,company
Wilson PLC,company
Olson-Garrison,company
Browning LLC,company
Burch Group,company
"Wall, Mejia and Scott",company
Cook-Jones,company
Lane-Roberts,company
Calderon Inc,company
Mayer-Mcmahon,company
"Brown, Bishop and Nunez",company
King-Hogan,company
"Chavez, Hoffman and Jones",company
Walker-Green,company
"Morales, Garrett and Raymond",company
"Nelson, Burgess and Chang",company
Jackson-Franklin,company
Hawkins LLC,company
Nelson-Smith,company
"Webster, Frank and Gomez",company
Johnson Inc,company
Coleman Group,company
"Moss, Montoya and Shaw",company
Silva-Cooper,company
"Moreno, Murphy and Ryan",company
"Floyd, Stewart and Romero",company
Reyes PLC,company
Jacobs Ltd,company
Henderson-Gray,company
King-Wallace,company
Simpson-Jenkins,company
Burch Ltd,company
Murray-Vaughan,company
"Matthews, Roberts and Mack",company
King-Cohen,company
Rodriguez Ltd,company
Holt-Lewis,company
"Cooley, Frank and Ramos",company
White PLC,company
"Ramos, Cannon and Davidson",company
Parsons-Hughes,company
"Lopez, Gutierrez and Terry",company
Osborne PLC,company
Macias-Tran,company
"Webb, Harper and Brown",company
Fowler Inc,company
"Ferguson, Hernandez and Jackson",company
Gray Inc,company
Austin-Aguirre,company
"Mcdonald, Martin and Holloway",company
Burke-Watson,company
"Roth, Snyder and Tyler",company
Ballard-Arias,company
Ruiz PLC,company
Clarke-Rosales,company
"Henderson, White and Underwood",company
Moore LLC,company
Gonzales-Bell,company
Robinson-Lewis,company
Bell-Cohen,company
Adams Inc,company
"Vargas, Robinson and Lewis",company
Stevenson PLC,company
"Tyler, Wood and Russell",company
"Decker, Willis and Wilson",company
"Thompson, Evans and Farmer",company
"Mason, Price and Sanchez",company
Beasley PLC,company
Hammond and Sons,company
"Gonzalez, Robinson and Robinson",company
Lopez-Goodman,company
Jones LLC,company
Jacobs-Johnson,company
"Benton, Dalton and Velazquez",company
"Collins, Kramer and Rogers",company
Nguyen Group,company
Garcia PLC,company
"Vargas, Smith and Farmer",company
Weiss Ltd,company
Green-Davis,company
Foster Group,company
"Martinez, Odonnell and Bishop",company
"Campbell, Morrison and Holden",company
"Hernandez, Washington and Hall",company
Payne-Estrada,company
Garrett PLC,company
Ellis-Moore,company
Estes and Sons,company
Tapia-Wright,company
"Jones, Jarvis and Williams",company
